,0,1
0,Target,file_name
1,9,1651|2000- 9.png
2,23,550|2000- 23.png
3,33,1540|2000- 33.png
4,29,286|2000- 29.png
5,39,961|2000- 39.png
6,27,449|2000- 27.png
7,14,225|2000- 14.png
8,48,1436|2000- 48.png
9,2,1193|2000- 2.png
10,12,1814|2000- 12.png
11,32,1981|2000- 32.png
12,11,1266|2000- 11.png
13,9,1604|2000- 9.png
14,29,1234|2000- 29.png
15,15,570|2000- 15.png
16,28,1758|2000- 28.png
17,15,1628|2000- 15.png
18,24,1487|2000- 24.png
19,6,1348|2000- 6.png
20,13,510|2000- 13.png
21,46,328|2000- 46.png
22,39,140|2000- 39.png
23,8,788|2000- 8.png
24,7,476|2000- 7.png
25,28,1366|2000- 28.png
26,13,643|2000- 13.png
27,38,1955|2000- 38.png
28,38,1713|2000- 38.png
29,0,902|2000- 0.png
30,15,1104|2000- 15.png
31,38,525|2000- 38.png
32,1,790|2000- 1.png
33,45,748|2000- 45.png
34,19,1750|2000- 19.png
35,20,738|2000- 20.png
36,8,1613|2000- 8.png
37,18,709|2000- 18.png
38,3,1031|2000- 3.png
39,34,828|2000- 34.png
40,12,122|2000- 12.png
41,33,1670|2000- 33.png
42,15,154|2000- 15.png
43,9,101|2000- 9.png
44,23,1011|2000- 23.png
45,35,1403|2000- 35.png
46,29,1950|2000- 29.png
47,16,562|2000- 16.png
48,5,595|2000- 5.png
49,45,754|2000- 45.png
50,9,548|2000- 9.png
51,19,1364|2000- 19.png
52,39,663|2000- 39.png
53,29,881|2000- 29.png
54,27,78|2000- 27.png
55,21,121|2000- 21.png
56,5,775|2000- 5.png
57,0,1668|2000- 0.png
58,9,1906|2000- 9.png
59,42,1184|2000- 42.png
60,9,799|2000- 9.png
61,37,923|2000- 37.png
62,25,1843|2000- 25.png
63,26,945|2000- 26.png
64,2,880|2000- 2.png
65,19,1141|2000- 19.png
66,4,1821|2000- 4.png
67,24,1809|2000- 24.png
68,36,1158|2000- 36.png
69,11,668|2000- 11.png
70,43,856|2000- 43.png
71,35,1005|2000- 35.png
72,3,1033|2000- 3.png
73,26,1394|2000- 26.png
74,8,1094|2000- 8.png
75,43,1757|2000- 43.png
76,29,554|2000- 29.png
77,33,36|2000- 33.png
78,35,1859|2000- 35.png
79,47,1737|2000- 47.png
80,10,661|2000- 10.png
81,32,1007|2000- 32.png
82,19,1389|2000- 19.png
83,10,1743|2000- 10.png
84,16,1010|2000- 16.png
85,25,1390|2000- 25.png
86,48,1231|2000- 48.png
87,43,1943|2000- 43.png
88,12,1396|2000- 12.png
89,21,446|2000- 21.png
90,40,171|2000- 40.png
91,41,1559|2000- 41.png
92,41,1886|2000- 41.png
93,21,1548|2000- 21.png
94,20,1260|2000- 20.png
95,2,400|2000- 2.png
96,46,591|2000- 46.png
97,5,1915|2000- 5.png
98,43,905|2000- 43.png
99,32,656|2000- 32.png
100,38,407|2000- 38.png
101,2,1724|2000- 2.png
102,32,1452|2000- 32.png
103,3,1739|2000- 3.png
104,18,1824|2000- 18.png
105,28,492|2000- 28.png
106,18,1248|2000- 18.png
107,3,102|2000- 3.png
108,15,654|2000- 15.png
109,1,574|2000- 1.png
110,33,906|2000- 33.png
111,21,1324|2000- 21.png
112,41,970|2000- 41.png
113,14,384|2000- 14.png
114,38,475|2000- 38.png
115,47,1096|2000- 47.png
116,23,199|2000- 23.png
117,23,324|2000- 23.png
118,44,622|2000- 44.png
119,9,729|2000- 9.png
120,45,365|2000- 45.png
121,30,341|2000- 30.png
122,8,247|2000- 8.png
123,10,170|2000- 10.png
124,20,289|2000- 20.png
125,8,1225|2000- 8.png
126,11,780|2000- 11.png
127,2,8|2000- 2.png
128,8,483|2000- 8.png
129,7,916|2000- 7.png
130,10,403|2000- 10.png
131,12,1731|2000- 12.png
132,32,1747|2000- 32.png
133,35,897|2000- 35.png
134,38,1974|2000- 38.png
135,11,1864|2000- 11.png
136,8,435|2000- 8.png
137,0,898|2000- 0.png
138,48,1779|2000- 48.png
139,38,1804|2000- 38.png
140,40,819|2000- 40.png
141,3,951|2000- 3.png
142,12,1691|2000- 12.png
143,11,1262|2000- 11.png
144,11,702|2000- 11.png
145,43,618|2000- 43.png
146,26,368|2000- 26.png
147,17,1975|2000- 17.png
148,6,612|2000- 6.png
149,47,750|2000- 47.png
150,41,941|2000- 41.png
151,42,329|2000- 42.png
152,49,1371|2000- 49.png
153,27,1068|2000- 27.png
154,1,130|2000- 1.png
155,15,1201|2000- 15.png
156,49,51|2000- 49.png
157,27,1912|2000- 27.png
158,23,1958|2000- 23.png
159,45,1114|2000- 45.png
160,39,1373|2000- 39.png
161,3,1620|2000- 3.png
162,25,1562|2000- 25.png
163,33,1340|2000- 33.png
164,15,1383|2000- 15.png
165,32,1491|2000- 32.png
166,22,1603|2000- 22.png
167,1,918|2000- 1.png
168,6,648|2000- 6.png
169,23,1097|2000- 23.png
170,3,472|2000- 3.png
171,38,239|2000- 38.png
172,5,467|2000- 5.png
173,23,1326|2000- 23.png
174,9,861|2000- 9.png
175,26,250|2000- 26.png
176,33,1660|2000- 33.png
177,48,1927|2000- 48.png
178,41,1695|2000- 41.png
179,40,37|2000- 40.png
180,5,429|2000- 5.png
181,39,927|2000- 39.png
182,49,933|2000- 49.png
183,41,1055|2000- 41.png
184,46,1538|2000- 46.png
185,48,552|2000- 48.png
186,27,1919|2000- 27.png
187,19,710|2000- 19.png
188,46,1573|2000- 46.png
189,36,2000|2000- 36.png
190,20,1918|2000- 20.png
191,13,1923|2000- 13.png
192,29,79|2000- 29.png
193,32,621|2000- 32.png
194,11,1656|2000- 11.png
195,5,816|2000- 5.png
196,39,200|2000- 39.png
197,44,1090|2000- 44.png
198,30,1849|2000- 30.png
199,34,746|2000- 34.png
200,16,873|2000- 16.png
201,48,1597|2000- 48.png
202,49,1472|2000- 49.png
203,28,686|2000- 28.png
204,13,1904|2000- 13.png
205,9,1194|2000- 9.png
206,32,305|2000- 32.png
207,16,478|2000- 16.png
208,14,1875|2000- 14.png
209,16,1051|2000- 16.png
210,31,215|2000- 31.png
211,43,822|2000- 43.png
212,30,944|2000- 30.png
213,31,34|2000- 31.png
214,26,390|2000- 26.png
215,12,1582|2000- 12.png
216,28,1142|2000- 28.png
217,2,318|2000- 2.png
218,34,1836|2000- 34.png
219,28,187|2000- 28.png
220,3,405|2000- 3.png
221,16,1429|2000- 16.png
222,15,207|2000- 15.png
223,48,1185|2000- 48.png
224,29,1224|2000- 29.png
225,29,1334|2000- 29.png
226,42,631|2000- 42.png
227,7,1514|2000- 7.png
228,28,613|2000- 28.png
229,3,1544|2000- 3.png
230,36,1525|2000- 36.png
231,1,1574|2000- 1.png
232,12,326|2000- 12.png
233,30,1782|2000- 30.png
234,47,1375|2000- 47.png
235,8,441|2000- 8.png
236,17,339|2000- 17.png
237,3,1008|2000- 3.png
238,25,590|2000- 25.png
239,17,1350|2000- 17.png
240,40,1822|2000- 40.png
241,37,462|2000- 37.png
242,20,1330|2000- 20.png
243,34,1629|2000- 34.png
244,28,159|2000- 28.png
245,46,299|2000- 46.png
246,37,1172|2000- 37.png
247,48,241|2000- 48.png
248,22,694|2000- 22.png
249,6,1261|2000- 6.png
250,1,86|2000- 1.png
251,23,169|2000- 23.png
252,17,603|2000- 17.png
253,44,522|2000- 44.png
254,27,1696|2000- 27.png
255,49,1592|2000- 49.png
256,33,523|2000- 33.png
257,25,64|2000- 25.png
258,27,1020|2000- 27.png
259,31,1956|2000- 31.png
260,29,1529|2000- 29.png
261,25,1664|2000- 25.png
262,5,1440|2000- 5.png
263,25,619|2000- 25.png
264,7,1457|2000- 7.png
265,49,1742|2000- 49.png
266,4,803|2000- 4.png
267,36,835|2000- 36.png
268,12,337|2000- 12.png
269,49,183|2000- 49.png
270,14,1209|2000- 14.png
271,44,1697|2000- 44.png
272,29,1863|2000- 29.png
273,26,784|2000- 26.png
274,0,146|2000- 0.png
275,28,1077|2000- 28.png
276,39,1305|2000- 39.png
277,3,718|2000- 3.png
278,40,511|2000- 40.png
279,31,381|2000- 31.png
280,30,376|2000- 30.png
281,23,410|2000- 23.png
282,34,705|2000- 34.png
283,12,1391|2000- 12.png
284,6,733|2000- 6.png
285,29,1471|2000- 29.png
286,4,1946|2000- 4.png
287,1,1631|2000- 1.png
288,35,1760|2000- 35.png
289,11,1887|2000- 11.png
290,35,910|2000- 35.png
291,12,545|2000- 12.png
292,43,1153|2000- 43.png
293,35,642|2000- 35.png
294,0,164|2000- 0.png
295,14,1839|2000- 14.png
296,2,1756|2000- 2.png
297,34,1611|2000- 34.png
298,16,909|2000- 16.png
299,30,969|2000- 30.png
300,19,1152|2000- 19.png
301,4,1072|2000- 4.png
302,37,470|2000- 37.png
303,46,870|2000- 46.png
304,25,566|2000- 25.png
305,27,1314|2000- 27.png
306,24,1560|2000- 24.png
307,3,379|2000- 3.png
308,6,630|2000- 6.png
309,4,650|2000- 4.png
310,36,439|2000- 36.png
311,10,1026|2000- 10.png
312,26,555|2000- 26.png
313,45,1213|2000- 45.png
314,31,1513|2000- 31.png
315,28,1842|2000- 28.png
316,17,411|2000- 17.png
317,20,1466|2000- 20.png
318,19,1279|2000- 19.png
319,45,331|2000- 45.png
320,16,659|2000- 16.png
321,4,1042|2000- 4.png
322,3,206|2000- 3.png
323,42,1939|2000- 42.png
324,40,1985|2000- 40.png
325,28,1506|2000- 28.png
326,13,1365|2000- 13.png
327,2,311|2000- 2.png
328,29,912|2000- 29.png
329,43,458|2000- 43.png
330,18,1343|2000- 18.png
331,25,378|2000- 25.png
332,38,1146|2000- 38.png
333,19,1944|2000- 19.png
334,32,1968|2000- 32.png
335,16,1286|2000- 16.png
336,46,1341|2000- 46.png
337,39,1138|2000- 39.png
338,23,11|2000- 23.png
339,39,1815|2000- 39.png
340,11,1356|2000- 11.png
341,38,1130|2000- 38.png
342,27,1050|2000- 27.png
343,2,1387|2000- 2.png
344,16,1117|2000- 16.png
345,10,54|2000- 10.png
346,8,419|2000- 8.png
347,9,298|2000- 9.png
348,24,757|2000- 24.png
349,28,489|2000- 28.png
350,35,1043|2000- 35.png
351,47,35|2000- 47.png
352,37,345|2000- 37.png
353,18,652|2000- 18.png
354,10,806|2000- 10.png
355,30,723|2000- 30.png
356,26,313|2000- 26.png
357,26,1232|2000- 26.png
358,41,438|2000- 41.png
359,13,1601|2000- 13.png
360,22,1692|2000- 22.png
361,5,1952|2000- 5.png
362,25,1900|2000- 25.png
363,24,1176|2000- 24.png
364,27,813|2000- 27.png
365,1,395|2000- 1.png
366,34,1509|2000- 34.png
367,40,1415|2000- 40.png
368,5,1135|2000- 5.png
369,37,1591|2000- 37.png
370,9,1973|2000- 9.png
371,18,1468|2000- 18.png
372,8,1022|2000- 8.png
373,46,1244|2000- 46.png
374,44,1361|2000- 44.png
375,41,40|2000- 41.png
376,7,296|2000- 7.png
377,16,373|2000- 16.png
378,36,1851|2000- 36.png
379,49,1095|2000- 49.png
380,28,1600|2000- 28.png
381,5,774|2000- 5.png
382,16,1534|2000- 16.png
383,31,900|2000- 31.png
384,12,1344|2000- 12.png
385,15,1704|2000- 15.png
386,35,1408|2000- 35.png
387,48,1796|2000- 48.png
388,22,114|2000- 22.png
389,40,1015|2000- 40.png
390,16,629|2000- 16.png
391,22,74|2000- 22.png
392,43,537|2000- 43.png
393,25,505|2000- 25.png
394,9,1012|2000- 9.png
395,18,781|2000- 18.png
396,13,1372|2000- 13.png
397,37,1746|2000- 37.png
398,26,1785|2000- 26.png
399,25,1716|2000- 25.png
400,24,1705|2000- 24.png
401,9,1977|2000- 9.png
402,39,1478|2000- 39.png
403,10,1961|2000- 10.png
404,29,678|2000- 29.png
405,49,776|2000- 49.png
406,11,1581|2000- 11.png
407,6,926|2000- 6.png
408,42,1102|2000- 42.png
409,8,256|2000- 8.png
410,19,1892|2000- 19.png
411,29,1626|2000- 29.png
412,20,1561|2000- 20.png
413,32,1476|2000- 32.png
414,49,581|2000- 49.png
415,31,1450|2000- 31.png
416,11,5|2000- 11.png
417,15,580|2000- 15.png
418,23,1481|2000- 23.png
419,12,1749|2000- 12.png
420,22,610|2000- 22.png
421,33,964|2000- 33.png
422,15,1860|2000- 15.png
423,41,104|2000- 41.png
424,33,563|2000- 33.png
425,44,355|2000- 44.png
426,45,1772|2000- 45.png
427,19,1679|2000- 19.png
428,7,1535|2000- 7.png
429,27,1406|2000- 27.png
430,3,1522|2000- 3.png
431,6,136|2000- 6.png
432,46,1276|2000- 46.png
433,4,1652|2000- 4.png
434,21,1498|2000- 21.png
435,8,414|2000- 8.png
436,22,1125|2000- 22.png
437,35,77|2000- 35.png
438,26,188|2000- 26.png
439,34,871|2000- 34.png
440,41,1640|2000- 41.png
441,45,68|2000- 45.png
442,21,380|2000- 21.png
443,41,740|2000- 41.png
444,25,23|2000- 25.png
445,15,830|2000- 15.png
446,39,1082|2000- 39.png
447,4,567|2000- 4.png
448,48,1183|2000- 48.png
449,47,1067|2000- 47.png
450,12,1929|2000- 12.png
451,6,503|2000- 6.png
452,6,719|2000- 6.png
453,19,2|2000- 19.png
454,39,1106|2000- 39.png
455,20,1840|2000- 20.png
456,5,316|2000- 5.png
457,46,1753|2000- 46.png
458,19,448|2000- 19.png
459,46,1752|2000- 46.png
460,26,1583|2000- 26.png
461,5,1827|2000- 5.png
462,45,253|2000- 45.png
463,24,281|2000- 24.png
464,13,486|2000- 13.png
465,2,1220|2000- 2.png
466,45,1255|2000- 45.png
467,16,1204|2000- 16.png
468,23,1257|2000- 23.png
469,10,1464|2000- 10.png
470,42,1070|2000- 42.png
471,37,762|2000- 37.png
472,20,1812|2000- 20.png
473,26,506|2000- 26.png
474,5,963|2000- 5.png
475,7,469|2000- 7.png
476,38,260|2000- 38.png
477,5,1935|2000- 5.png
478,42,65|2000- 42.png
479,4,1959|2000- 4.png
480,47,231|2000- 47.png
481,36,397|2000- 36.png
482,44,1830|2000- 44.png
483,40,1896|2000- 40.png
484,46,1751|2000- 46.png
485,42,1642|2000- 42.png
486,35,1671|2000- 35.png
487,1,1271|2000- 1.png
488,21,1549|2000- 21.png
489,22,1976|2000- 22.png
490,14,235|2000- 14.png
491,16,641|2000- 16.png
492,17,1298|2000- 17.png
493,0,1876|2000- 0.png
494,17,596|2000- 17.png
495,36,396|2000- 36.png
496,18,786|2000- 18.png
497,4,425|2000- 4.png
498,38,1280|2000- 38.png
499,0,290|2000- 0.png
500,44,1618|2000- 44.png
501,5,174|2000- 5.png
502,33,1295|2000- 33.png
503,11,791|2000- 11.png
504,16,128|2000- 16.png
505,4,725|2000- 4.png
506,48,377|2000- 48.png
507,27,1402|2000- 27.png
508,24,1569|2000- 24.png
509,41,1273|2000- 41.png
510,46,246|2000- 46.png
511,32,1612|2000- 32.png
512,6,1921|2000- 6.png
513,0,1699|2000- 0.png
514,28,204|2000- 28.png
515,30,1110|2000- 30.png
516,2,1971|2000- 2.png
517,26,1463|2000- 26.png
518,45,168|2000- 45.png
519,14,1028|2000- 14.png
520,17,644|2000- 17.png
521,34,583|2000- 34.png
522,0,465|2000- 0.png
523,48,514|2000- 48.png
524,3,769|2000- 3.png
525,37,7|2000- 37.png
526,43,1637|2000- 43.png
527,10,20|2000- 10.png
528,30,968|2000- 30.png
529,26,71|2000- 26.png
530,39,568|2000- 39.png
531,44,434|2000- 44.png
532,18,1798|2000- 18.png
533,22,1289|2000- 22.png
534,29,119|2000- 29.png
535,28,681|2000- 28.png
536,18,358|2000- 18.png
537,11,44|2000- 11.png
538,47,1337|2000- 47.png
539,13,544|2000- 13.png
540,28,547|2000- 28.png
541,23,1678|2000- 23.png
542,42,52|2000- 42.png
543,44,1017|2000- 44.png
544,42,793|2000- 42.png
545,30,1987|2000- 30.png
546,20,263|2000- 20.png
547,37,1791|2000- 37.png
548,6,1342|2000- 6.png
549,19,1458|2000- 19.png
550,44,1182|2000- 44.png
551,33,651|2000- 33.png
552,33,1669|2000- 33.png
553,7,1243|2000- 7.png
554,40,1646|2000- 40.png
555,10,852|2000- 10.png
556,40,540|2000- 40.png
557,36,1682|2000- 36.png
558,6,1526|2000- 6.png
559,29,1917|2000- 29.png
560,31,1240|2000- 31.png
561,32,1933|2000- 32.png
562,5,1290|2000- 5.png
563,28,965|2000- 28.png
564,21,1288|2000- 21.png
565,19,213|2000- 19.png
566,49,874|2000- 49.png
567,10,1446|2000- 10.png
568,29,12|2000- 29.png
569,7,1541|2000- 7.png
570,7,1374|2000- 7.png
571,12,1046|2000- 12.png
572,46,284|2000- 46.png
573,3,513|2000- 3.png
574,15,1960|2000- 15.png
575,27,848|2000- 27.png
576,37,111|2000- 37.png
577,13,726|2000- 13.png
578,23,460|2000- 23.png
579,46,1861|2000- 46.png
580,1,1795|2000- 1.png
581,9,1710|2000- 9.png
582,29,1913|2000- 29.png
583,5,1302|2000- 5.png
584,31,1088|2000- 31.png
585,3,1510|2000- 3.png
586,37,1788|2000- 37.png
587,39,1662|2000- 39.png
588,19,1099|2000- 19.png
589,40,876|2000- 40.png
590,44,474|2000- 44.png
591,37,986|2000- 37.png
592,4,453|2000- 4.png
593,19,1219|2000- 19.png
594,44,58|2000- 44.png
595,23,162|2000- 23.png
596,13,1599|2000- 13.png
597,46,1527|2000- 46.png
598,3,1866|2000- 3.png
599,43,1532|2000- 43.png
600,8,1291|2000- 8.png
601,14,1124|2000- 14.png
602,30,1681|2000- 30.png
603,29,730|2000- 29.png
604,9,737|2000- 9.png
605,14,1586|2000- 14.png
606,28,1949|2000- 28.png
607,9,1734|2000- 9.png
608,44,1157|2000- 44.png
609,33,387|2000- 33.png
610,12,108|2000- 12.png
611,7,928|2000- 7.png
612,28,1032|2000- 28.png
613,32,16|2000- 32.png
614,25,323|2000- 25.png
615,47,1790|2000- 47.png
616,14,1627|2000- 14.png
617,25,989|2000- 25.png
618,4,356|2000- 4.png
619,31,1392|2000- 31.png
620,0,1736|2000- 0.png
621,44,717|2000- 44.png
622,23,1052|2000- 23.png
623,41,1352|2000- 41.png
624,40,1930|2000- 40.png
625,30,1512|2000- 30.png
626,31,1425|2000- 31.png
627,30,600|2000- 30.png
628,13,1019|2000- 13.png
629,2,560|2000- 2.png
630,32,646|2000- 32.png
631,35,1149|2000- 35.png
632,1,632|2000- 1.png
633,3,971|2000- 3.png
634,12,1159|2000- 12.png
635,36,137|2000- 36.png
636,24,1983|2000- 24.png
637,23,1239|2000- 23.png
638,34,812|2000- 34.png
639,13,1835|2000- 13.png
640,24,825|2000- 24.png
641,21,751|2000- 21.png
642,47,1807|2000- 47.png
643,25,319|2000- 25.png
644,32,624|2000- 32.png
645,48,276|2000- 48.png
646,40,1148|2000- 40.png
647,17,674|2000- 17.png
648,46,847|2000- 46.png
649,43,1003|2000- 43.png
650,49,1355|2000- 49.png
651,24,977|2000- 24.png
652,5,1744|2000- 5.png
653,37,1147|2000- 37.png
654,17,925|2000- 17.png
655,25,113|2000- 25.png
656,2,602|2000- 2.png
657,14,1810|2000- 14.png
658,6,885|2000- 6.png
659,43,1546|2000- 43.png
660,20,1419|2000- 20.png
661,47,81|2000- 47.png
662,12,716|2000- 12.png
663,25,1832|2000- 25.png
664,18,1442|2000- 18.png
665,18,454|2000- 18.png
666,39,976|2000- 39.png
667,9,1246|2000- 9.png
668,13,862|2000- 13.png
669,30,1874|2000- 30.png
670,38,1550|2000- 38.png
671,49,1407|2000- 49.png
672,41,785|2000- 41.png
673,38,1924|2000- 38.png
674,21,585|2000- 21.png
675,15,993|2000- 15.png
676,49,82|2000- 49.png
677,12,1071|2000- 12.png
678,35,1181|2000- 35.png
679,47,232|2000- 47.png
680,22,1381|2000- 22.png
681,41,800|2000- 41.png
682,37,749|2000- 37.png
683,40,219|2000- 40.png
684,32,1841|2000- 32.png
685,31,987|2000- 31.png
686,16,1480|2000- 16.png
687,2,149|2000- 2.png
688,27,886|2000- 27.png
689,8,1441|2000- 8.png
690,0,258|2000- 0.png
691,30,1378|2000- 30.png
692,20,99|2000- 20.png
693,31,1112|2000- 31.png
694,26,892|2000- 26.png
695,6,1319|2000- 6.png
696,9,1492|2000- 9.png
697,21,1547|2000- 21.png
698,20,391|2000- 20.png
699,31,45|2000- 31.png
700,33,1576|2000- 33.png
701,36,347|2000- 36.png
702,17,173|2000- 17.png
703,1,1657|2000- 1.png
704,1,1755|2000- 1.png
705,15,22|2000- 15.png
706,34,1382|2000- 34.png
707,41,998|2000- 41.png
708,39,1641|2000- 39.png
709,49,1000|2000- 49.png
710,7,479|2000- 7.png
711,42,571|2000- 42.png
712,43,1215|2000- 43.png
713,21,1869|2000- 21.png
714,10,1598|2000- 10.png
715,27,1325|2000- 27.png
716,0,1614|2000- 0.png
717,33,636|2000- 33.png
718,22,679|2000- 22.png
719,3,480|2000- 3.png
720,24,1360|2000- 24.png
721,24,1098|2000- 24.png
722,4,1590|2000- 4.png
723,8,982|2000- 8.png
724,14,794|2000- 14.png
725,7,1057|2000- 7.png
726,4,1223|2000- 4.png
727,2,1377|2000- 2.png
728,17,237|2000- 17.png
729,2,332|2000- 2.png
730,10,758|2000- 10.png
731,36,1605|2000- 36.png
732,11,699|2000- 11.png
733,12,205|2000- 12.png
734,4,1123|2000- 4.png
735,8,442|2000- 8.png
736,20,509|2000- 20.png
737,33,275|2000- 33.png
738,36,1306|2000- 36.png
739,2,860|2000- 2.png
740,31,1311|2000- 31.png
741,20,1066|2000- 20.png
742,1,451|2000- 1.png
743,3,1259|2000- 3.png
744,38,753|2000- 38.png
745,2,359|2000- 2.png
746,21,389|2000- 21.png
747,37,227|2000- 37.png
748,37,1416|2000- 37.png
749,14,841|2000- 14.png
750,26,1211|2000- 26.png
751,28,1199|2000- 28.png
752,43,443|2000- 43.png
753,34,1283|2000- 34.png
754,13,415|2000- 13.png
755,49,711|2000- 49.png
756,34,1934|2000- 34.png
757,45,1922|2000- 45.png
758,44,338|2000- 44.png
759,48,1899|2000- 48.png
760,41,704|2000- 41.png
761,10,584|2000- 10.png
762,27,1806|2000- 27.png
763,32,587|2000- 32.png
764,15,1650|2000- 15.png
765,0,1800|2000- 0.png
766,7,192|2000- 7.png
767,11,1690|2000- 11.png
768,40,1236|2000- 40.png
769,30,645|2000- 30.png
770,31,273|2000- 31.png
771,8,43|2000- 8.png
772,14,676|2000- 14.png
773,19,1009|2000- 19.png
774,49,1837|2000- 49.png
775,24,1385|2000- 24.png
776,32,863|2000- 32.png
777,36,798|2000- 36.png
778,32,228|2000- 32.png
779,31,248|2000- 31.png
780,21,501|2000- 21.png
781,41,366|2000- 41.png
782,29,49|2000- 29.png
783,42,1323|2000- 42.png
784,10,230|2000- 10.png
785,25,450|2000- 25.png
786,3,1833|2000- 3.png
787,32,1982|2000- 32.png
788,43,203|2000- 43.png
789,10,938|2000- 10.png
790,46,1188|2000- 46.png
791,5,640|2000- 5.png
792,17,752|2000- 17.png
793,48,1536|2000- 48.png
794,36,357|2000- 36.png
795,45,1508|2000- 45.png
796,44,996|2000- 44.png
797,0,1301|2000- 0.png
798,15,1165|2000- 15.png
799,29,858|2000- 29.png
800,24,1435|2000- 24.png
801,44,455|2000- 44.png
802,26,1732|2000- 26.png
803,25,518|2000- 25.png
804,14,123|2000- 14.png
805,1,1774|2000- 1.png
806,4,112|2000- 4.png
807,13,697|2000- 13.png
808,18,633|2000- 18.png
809,25,1413|2000- 25.png
810,49,1554|2000- 49.png
811,30,1329|2000- 30.png
812,35,1884|2000- 35.png
813,42,823|2000- 42.png
814,17,307|2000- 17.png
815,28,1816|2000- 28.png
816,46,266|2000- 46.png
817,41,214|2000- 41.png
818,41,1265|2000- 41.png
819,14,921|2000- 14.png
820,26,1882|2000- 26.png
821,7,392|2000- 7.png
822,5,1426|2000- 5.png
823,11,814|2000- 11.png
824,2,1871|2000- 2.png
825,27,430|2000- 27.png
826,38,254|2000- 38.png
827,9,1701|2000- 9.png
828,15,317|2000- 15.png
829,10,1894|2000- 10.png
830,14,352|2000- 14.png
831,12,1937|2000- 12.png
832,18,724|2000- 18.png
833,35,1667|2000- 35.png
834,31,1947|2000- 31.png
835,42,1170|2000- 42.png
836,15,502|2000- 15.png
837,20,1105|2000- 20.png
838,9,1386|2000- 9.png
839,11,609|2000- 11.png
840,36,1848|2000- 36.png
841,4,625|2000- 4.png
842,0,132|2000- 0.png
843,37,1202|2000- 37.png
844,18,300|2000- 18.png
845,40,538|2000- 40.png
846,17,1318|2000- 17.png
847,38,1858|2000- 38.png
848,0,1431|2000- 0.png
849,17,452|2000- 17.png
850,47,1531|2000- 47.png
851,5,950|2000- 5.png
852,37,1994|2000- 37.png
853,29,208|2000- 29.png
854,6,1893|2000- 6.png
855,47,1108|2000- 47.png
856,10,1595|2000- 10.png
857,39,1395|2000- 39.png
858,43,692|2000- 43.png
859,26,186|2000- 26.png
860,8,635|2000- 8.png
861,47,1092|2000- 47.png
862,7,182|2000- 7.png
863,13,1335|2000- 13.png
864,12,1241|2000- 12.png
865,1,375|2000- 1.png
866,18,1048|2000- 18.png
867,34,309|2000- 34.png
868,48,736|2000- 48.png
869,6,1735|2000- 6.png
870,28,1593|2000- 28.png
871,32,655|2000- 32.png
872,48,1895|2000- 48.png
873,31,891|2000- 31.png
874,41,1001|2000- 41.png
875,25,91|2000- 25.png
876,33,1728|2000- 33.png
877,0,1207|2000- 0.png
878,18,529|2000- 18.png
879,2,1801|2000- 2.png
880,14,1578|2000- 14.png
881,26,1967|2000- 26.png
882,37,274|2000- 37.png
883,23,1029|2000- 23.png
884,4,370|2000- 4.png
885,35,191|2000- 35.png
886,9,1397|2000- 9.png
887,33,1166|2000- 33.png
888,22,1602|2000- 22.png
889,14,1367|2000- 14.png
890,9,320|2000- 9.png
891,20,325|2000- 20.png
892,14,519|2000- 14.png
893,31,1144|2000- 31.png
894,20,1683|2000- 20.png
895,11,864|2000- 11.png
896,30,1745|2000- 30.png
897,6,1486|2000- 6.png
898,17,1100|2000- 17.png
899,39,1167|2000- 39.png
900,6,6|2000- 6.png
901,26,297|2000- 26.png
902,1,1533|2000- 1.png
903,6,1339|2000- 6.png
904,41,720|2000- 41.png
905,22,280|2000- 22.png
906,36,782|2000- 36.png
907,29,988|2000- 29.png
908,32,1780|2000- 32.png
909,18,1596|2000- 18.png
910,23,617|2000- 23.png
911,7,1470|2000- 7.png
912,21,393|2000- 21.png
913,30,703|2000- 30.png
914,23,1336|2000- 23.png
915,0,160|2000- 0.png
916,12,1322|2000- 12.png
917,45,508|2000- 45.png
918,36,321|2000- 36.png
919,22,271|2000- 22.png
920,14,1880|2000- 14.png
921,19,1168|2000- 19.png
922,32,485|2000- 32.png
923,1,1208|2000- 1.png
924,21,1171|2000- 21.png
925,39,684|2000- 39.png
926,0,145|2000- 0.png
927,49,922|2000- 49.png
928,3,1942|2000- 3.png
929,35,931|2000- 35.png
930,42,1044|2000- 42.png
931,30,1292|2000- 30.png
932,38,57|2000- 38.png
933,11,240|2000- 11.png
934,14,683|2000- 14.png
935,48,1264|2000- 48.png
936,8,708|2000- 8.png
937,25,295|2000- 25.png
938,38,1432|2000- 38.png
939,46,1459|2000- 46.png
940,42,1065|2000- 42.png
941,9,721|2000- 9.png
942,10,167|2000- 10.png
943,36,940|2000- 36.png
944,20,1556|2000- 20.png
945,46,1023|2000- 46.png
946,2,382|2000- 2.png
947,18,1775|2000- 18.png
948,16,920|2000- 16.png
949,45,1179|2000- 45.png
950,36,1978|2000- 36.png
951,19,151|2000- 19.png
952,11,1770|2000- 11.png
953,3,4|2000- 3.png
954,31,1076|2000- 31.png
955,31,1424|2000- 31.png
956,45,1524|2000- 45.png
957,43,840|2000- 43.png
958,48,1845|2000- 48.png
959,11,826|2000- 11.png
960,45,616|2000- 45.png
961,23,924|2000- 23.png
962,40,1771|2000- 40.png
963,2,1723|2000- 2.png
964,26,1995|2000- 26.png
965,17,903|2000- 17.png
966,10,179|2000- 10.png
967,44,1091|2000- 44.png
968,45,106|2000- 45.png
969,2,477|2000- 2.png
970,17,1|2000- 17.png
971,17,394|2000- 17.png
972,36,21|2000- 36.png
973,34,1200|2000- 34.png
974,29,1761|2000- 29.png
975,10,649|2000- 10.png
976,44,1607|2000- 44.png
977,40,1606|2000- 40.png
978,1,1053|2000- 1.png
979,44,913|2000- 44.png
980,12,628|2000- 12.png
981,39,948|2000- 39.png
982,20,1309|2000- 20.png
983,27,55|2000- 27.png
984,38,351|2000- 38.png
985,16,1064|2000- 16.png
986,12,1585|2000- 12.png
987,12,1226|2000- 12.png
988,49,1507|2000- 49.png
989,30,1041|2000- 30.png
990,4,1854|2000- 4.png
991,19,1885|2000- 19.png
992,34,1953|2000- 34.png
993,8,209|2000- 8.png
994,15,1136|2000- 15.png
995,8,869|2000- 8.png
996,4,1523|2000- 4.png
997,9,1823|2000- 9.png
998,6,1963|2000- 6.png
999,33,1115|2000- 33.png
1000,6,1653|2000- 6.png
1001,4,534|2000- 4.png
1002,10,779|2000- 10.png
1003,7,917|2000- 7.png
1004,20,490|2000- 20.png
1005,4,671|2000- 4.png
1006,16,193|2000- 16.png
1007,16,1045|2000- 16.png
1008,34,96|2000- 34.png
1009,24,1638|2000- 24.png
1010,37,1150|2000- 37.png
1011,42,134|2000- 42.png
1012,2,1121|2000- 2.png
1013,6,1568|2000- 6.png
1014,45,360|2000- 45.png
1015,0,109|2000- 0.png
1016,26,980|2000- 26.png
1017,43,1901|2000- 43.png
1018,27,369|2000- 27.png
1019,36,626|2000- 36.png
1020,41,83|2000- 41.png
1021,35,139|2000- 35.png
1022,29,308|2000- 29.png
1023,35,1299|2000- 35.png
1024,3,1988|2000- 3.png
1025,25,1594|2000- 25.png
1026,26,867|2000- 26.png
1027,18,1338|2000- 18.png
1028,7,657|2000- 7.png
1029,22,1321|2000- 22.png
1030,1,1501|2000- 1.png
1031,3,985|2000- 3.png
1032,41,1729|2000- 41.png
1033,10,466|2000- 10.png
1034,3,1447|2000- 3.png
1035,13,10|2000- 13.png
1036,36,18|2000- 36.png
1037,8,216|2000- 8.png
1038,7,67|2000- 7.png
1039,35,1401|2000- 35.png
1040,33,222|2000- 33.png
1041,6,930|2000- 6.png
1042,2,1127|2000- 2.png
1043,7,103|2000- 7.png
1044,8,859|2000- 8.png
1045,21,1776|2000- 21.png
1046,0,1557|2000- 0.png
1047,32,1078|2000- 32.png
1048,19,551|2000- 19.png
1049,45,1762|2000- 45.png
1050,36,1461|2000- 36.png
1051,38,664|2000- 38.png
1052,46,934|2000- 46.png
1053,19,201|2000- 19.png
1054,18,592|2000- 18.png
1055,15,59|2000- 15.png
1056,24,1063|2000- 24.png
1057,39,138|2000- 39.png
1058,23,288|2000- 23.png
1059,21,383|2000- 21.png
1060,1,399|2000- 1.png
1061,11,1140|2000- 11.png
1062,49,1712|2000- 49.png
1063,6,1443|2000- 6.png
1064,11,285|2000- 11.png
1065,10,1074|2000- 10.png
1066,8,586|2000- 8.png
1067,34,15|2000- 34.png
1068,33,1542|2000- 33.png
1069,16,1954|2000- 16.png
1070,11,1448|2000- 11.png
1071,15,745|2000- 15.png
1072,42,90|2000- 42.png
1073,34,353|2000- 34.png
1074,0,796|2000- 0.png
1075,39,1553|2000- 39.png
1076,14,1844|2000- 14.png
1077,14,1709|2000- 14.png
1078,23,218|2000- 23.png
1079,42,1331|2000- 42.png
1080,7,742|2000- 7.png
1081,14,756|2000- 14.png
1082,48,69|2000- 48.png
1083,26,1285|2000- 26.png
1084,17,1530|2000- 17.png
1085,37,1122|2000- 37.png
1086,4,80|2000- 4.png
1087,29,765|2000- 29.png
1088,46,1997|2000- 46.png
1089,17,527|2000- 17.png
1090,22,1580|2000- 22.png
1091,22,1986|2000- 22.png
1092,48,1957|2000- 48.png
1093,21,252|2000- 21.png
1094,5,427|2000- 5.png
1095,20,665|2000- 20.png
1096,3,1056|2000- 3.png
1097,11,1903|2000- 11.png
1098,15,839|2000- 15.png
1099,41,1278|2000- 41.png
1100,36,1765|2000- 36.png
1101,23,1218|2000- 23.png
1102,44,1083|2000- 44.png
1103,17,31|2000- 17.png
1104,34,265|2000- 34.png
1105,33,734|2000- 33.png
1106,27,404|2000- 27.png
1107,49,243|2000- 49.png
1108,15,152|2000- 15.png
1109,8,1920|2000- 8.png
1110,8,1972|2000- 8.png
1111,37,401|2000- 37.png
1112,5,1296|2000- 5.png
1113,13,517|2000- 13.png
1114,36,1685|2000- 36.png
1115,22,979|2000- 22.png
1116,23,105|2000- 23.png
1117,1,1730|2000- 1.png
1118,40,1777|2000- 40.png
1119,13,428|2000- 13.png
1120,31,497|2000- 31.png
1121,7,1160|2000- 7.png
1122,14,691|2000- 14.png
1123,1,1996|2000- 1.png
1124,42,1741|2000- 42.png
1125,22,343|2000- 22.png
1126,3,304|2000- 3.png
1127,22,936|2000- 22.png
1128,35,1069|2000- 35.png
1129,26,658|2000- 26.png
1130,23,607|2000- 23.png
1131,40,770|2000- 40.png
1132,33,1245|2000- 33.png
1133,10,1648|2000- 10.png
1134,23,1422|2000- 23.png
1135,28,890|2000- 28.png
1136,25,1962|2000- 25.png
1137,31,531|2000- 31.png
1138,32,1014|2000- 32.png
1139,7,1940|2000- 7.png
1140,12,259|2000- 12.png
1141,29,1545|2000- 29.png
1142,42,409|2000- 42.png
1143,27,1399|2000- 27.png
1144,48,768|2000- 48.png
1145,32,893|2000- 32.png
1146,35,125|2000- 35.png
1147,22,267|2000- 22.png
1148,19,1151|2000- 19.png
1149,41,872|2000- 41.png
1150,13,1411|2000- 13.png
1151,49,156|2000- 49.png
1152,22,1764|2000- 22.png
1153,42,19|2000- 42.png
1154,31,1346|2000- 31.png
1155,1,1503|2000- 1.png
1156,28,1517|2000- 28.png
1157,24,1229|2000- 24.png
1158,37,158|2000- 37.png
1159,27,93|2000- 27.png
1160,39,100|2000- 39.png
1161,34,1277|2000- 34.png
1162,5,1740|2000- 5.png
1163,28,482|2000- 28.png
1164,47,1455|2000- 47.png
1165,48,1722|2000- 48.png
1166,32,1643|2000- 32.png
1167,17,1421|2000- 17.png
1168,3,907|2000- 3.png
1169,46,687|2000- 46.png
1170,39,1715|2000- 39.png
1171,19,98|2000- 19.png
1172,7,1635|2000- 7.png
1173,0,1521|2000- 0.png
1174,6,422|2000- 6.png
1175,31,63|2000- 31.png
1176,47,810|2000- 47.png
1177,12,29|2000- 12.png
1178,46,334|2000- 46.png
1179,30,690|2000- 30.png
1180,5,994|2000- 5.png
1181,8,767|2000- 8.png
1182,25,1969|2000- 25.png
1183,13,854|2000- 13.png
1184,16,129|2000- 16.png
1185,1,418|2000- 1.png
1186,30,1632|2000- 30.png
1187,30,1164|2000- 30.png
1188,23,1462|2000- 23.png
1189,17,512|2000- 17.png
1190,40,831|2000- 40.png
1191,31,904|2000- 31.png
1192,49,1488|2000- 49.png
1193,28,997|2000- 28.png
1194,49,372|2000- 49.png
1195,49,1766|2000- 49.png
1196,13,1190|2000- 13.png
1197,46,423|2000- 46.png
1198,48,1672|2000- 48.png
1199,22,1748|2000- 22.png
1200,37,1300|2000- 37.png
1201,4,1087|2000- 4.png
1202,24,1783|2000- 24.png
1203,39,1353|2000- 39.png
1204,42,312|2000- 42.png
1205,34,33|2000- 34.png
1206,22,1911|2000- 22.png
1207,29,1649|2000- 29.png
1208,36,165|2000- 36.png
1209,46,1388|2000- 46.png
1210,13,1308|2000- 13.png
1211,28,955|2000- 28.png
1212,6,1479|2000- 6.png
1213,25,634|2000- 25.png
1214,46,1818|2000- 46.png
1215,24,1040|2000- 24.png
1216,43,84|2000- 43.png
1217,5,1505|2000- 5.png
1218,42,911|2000- 42.png
1219,3,929|2000- 3.png
1220,4,1474|2000- 4.png
1221,11,815|2000- 11.png
1222,21,1516|2000- 21.png
1223,15,61|2000- 15.png
1224,38,836|2000- 38.png
1225,21,1784|2000- 21.png
1226,9,178|2000- 9.png
1227,44,1307|2000- 44.png
1228,34,1645|2000- 34.png
1229,11,314|2000- 11.png
1230,18,821|2000- 18.png
1231,1,1126|2000- 1.png
1232,22,853|2000- 22.png
1233,6,26|2000- 6.png
1234,33,1868|2000- 33.png
1235,6,1879|2000- 6.png
1236,6,1357|2000- 6.png
1237,44,1659|2000- 44.png
1238,32,715|2000- 32.png
1239,0,698|2000- 0.png
1240,14,1965|2000- 14.png
1241,49,569|2000- 49.png
1242,41,727|2000- 41.png
1243,21,1254|2000- 21.png
1244,1,605|2000- 1.png
1245,33,1908|2000- 33.png
1246,39,1616|2000- 39.png
1247,16,1438|2000- 16.png
1248,11,597|2000- 11.png
1249,29,292|2000- 29.png
1250,2,1826|2000- 2.png
1251,38,731|2000- 38.png
1252,40,249|2000- 40.png
1253,13,30|2000- 13.png
1254,31,1797|2000- 31.png
1255,35,1177|2000- 35.png
1256,40,277|2000- 40.png
1257,5,999|2000- 5.png
1258,19,809|2000- 19.png
1259,7,559|2000- 7.png
1260,3,777|2000- 3.png
1261,29,198|2000- 29.png
1262,5,1393|2000- 5.png
1263,37,577|2000- 37.png
1264,46,565|2000- 46.png
1265,8,3|2000- 8.png
1266,16,1575|2000- 16.png
1267,12,13|2000- 12.png
1268,9,573|2000- 9.png
1269,32,1423|2000- 32.png
1270,16,1665|2000- 16.png
1271,13,846|2000- 13.png
1272,36,1016|2000- 36.png
1273,13,1878|2000- 13.png
1274,25,960|2000- 25.png
1275,46,1856|2000- 46.png
1276,8,760|2000- 8.png
1277,9,1310|2000- 9.png
1278,47,1362|2000- 47.png
1279,32,504|2000- 32.png
1280,9,94|2000- 9.png
1281,5,1156|2000- 5.png
1282,12,1274|2000- 12.png
1283,35,712|2000- 35.png
1284,42,689|2000- 42.png
1285,21,229|2000- 21.png
1286,28,908|2000- 28.png
1287,35,1363|2000- 35.png
1288,23,524|2000- 23.png
1289,27,1829|2000- 27.png
1290,17,983|2000- 17.png
1291,37,1634|2000- 37.png
1292,38,1444|2000- 38.png
1293,7,1577|2000- 7.png
1294,23,1847|2000- 23.png
1295,20,975|2000- 20.png
1296,43,1805|2000- 43.png
1297,45,1380|2000- 45.png
1298,28,1332|2000- 28.png
1299,31,838|2000- 31.png
1300,39,1489|2000- 39.png
1301,19,1119|2000- 19.png
1302,21,946|2000- 21.png
1303,36,1163|2000- 36.png
1304,10,1717|2000- 10.png
1305,26,1980|2000- 26.png
1306,47,1038|2000- 47.png
1307,0,1368|2000- 0.png
1308,19,233|2000- 19.png
1309,3,1327|2000- 3.png
1310,36,990|2000- 36.png
1311,24,1647|2000- 24.png
1312,49,1877|2000- 49.png
1313,27,1155|2000- 27.png
1314,14,1778|2000- 14.png
1315,28,303|2000- 28.png
1316,41,992|2000- 41.png
1317,5,238|2000- 5.png
1318,4,1075|2000- 4.png
1319,17,949|2000- 17.png
1320,5,1688|2000- 5.png
1321,12,1294|2000- 12.png
1322,23,424|2000- 23.png
1323,44,217|2000- 44.png
1324,34,75|2000- 34.png
1325,21,818|2000- 21.png
1326,37,124|2000- 37.png
1327,17,1129|2000- 17.png
1328,47,278|2000- 47.png
1329,4,336|2000- 4.png
1330,34,1249|2000- 34.png
1331,8,1434|2000- 8.png
1332,2,1564|2000- 2.png
1333,15,611|2000- 15.png
1334,45,666|2000- 45.png
1335,37,714|2000- 37.png
1336,25,283|2000- 25.png
1337,0,558|2000- 0.png
1338,32,1584|2000- 32.png
1339,40,1410|2000- 40.png
1340,20,342|2000- 20.png
1341,41,995|2000- 41.png
1342,19,1139|2000- 19.png
1343,45,346|2000- 45.png
1344,15,675|2000- 15.png
1345,27,1998|2000- 27.png
1346,31,402|2000- 31.png
1347,35,1661|2000- 35.png
1348,8,1270|2000- 8.png
1349,38,1820|2000- 38.png
1350,45,981|2000- 45.png
1351,16,1242|2000- 16.png
1352,42,685|2000- 42.png
1353,9,1079|2000- 9.png
1354,34,575|2000- 34.png
1355,21,1086|2000- 21.png
1356,20,176|2000- 20.png
1357,47,696|2000- 47.png
1358,22,1680|2000- 22.png
1359,20,494|2000- 20.png
1360,39,797|2000- 39.png
1361,43,1518|2000- 43.png
1362,10,1828|2000- 10.png
1363,43,820|2000- 43.png
1364,13,1272|2000- 13.png
1365,21,73|2000- 21.png
1366,33,255|2000- 33.png
1367,23,973|2000- 23.png
1368,48,348|2000- 48.png
1369,7,1439|2000- 7.png
1370,14,1235|2000- 14.png
1371,7,251|2000- 7.png
1372,30,1565|2000- 30.png
1373,21,1036|2000- 21.png
1374,28,1313|2000- 28.png
1375,27,1979|2000- 27.png
1376,17,322|2000- 17.png
1377,12,1103|2000- 12.png
1378,28,842|2000- 28.png
1379,4,1888|2000- 4.png
1380,43,984|2000- 43.png
1381,15,542|2000- 15.png
1382,16,498|2000- 16.png
1383,19,1754|2000- 19.png
1384,39,883|2000- 39.png
1385,37,1258|2000- 37.png
1386,41,1449|2000- 41.png
1387,11,1358|2000- 11.png
1388,48,245|2000- 48.png
1389,6,1111|2000- 6.png
1390,16,623|2000- 16.png
1391,18,701|2000- 18.png
1392,41,792|2000- 41.png
1393,38,1799|2000- 38.png
1394,42,1865|2000- 42.png
1395,45,669|2000- 45.png
1396,41,1116|2000- 41.png
1397,34,1484|2000- 34.png
1398,22,50|2000- 22.png
1399,21,1726|2000- 21.png
1400,34,364|2000- 34.png
1401,11,1802|2000- 11.png
1402,22,1493|2000- 22.png
1403,40,487|2000- 40.png
1404,35,471|2000- 35.png
1405,34,143|2000- 34.png
1406,35,48|2000- 35.png
1407,48,1297|2000- 48.png
1408,15,805|2000- 15.png
1409,20,958|2000- 20.png
1410,45,1047|2000- 45.png
1411,38,1251|2000- 38.png
1412,43,115|2000- 43.png
1413,17,1789|2000- 17.png
1414,7,17|2000- 7.png
1415,27,1867|2000- 27.png
1416,14,1169|2000- 14.png
1417,25,561|2000- 25.png
1418,49,447|2000- 49.png
1419,4,899|2000- 4.png
1420,13,66|2000- 13.png
1421,19,116|2000- 19.png
1422,23,837|2000- 23.png
1423,2,484|2000- 2.png
1424,30,1384|2000- 30.png
1425,43,1062|2000- 43.png
1426,48,493|2000- 48.png
1427,39,1767|2000- 39.png
1428,41,53|2000- 41.png
1429,35,520|2000- 35.png
1430,0,576|2000- 0.png
1431,21,1186|2000- 21.png
1432,25,1694|2000- 25.png
1433,25,1519|2000- 25.png
1434,23,1227|2000- 23.png
1435,45,1658|2000- 45.png
1436,24,1897|2000- 24.png
1437,41,1490|2000- 41.png
1438,41,426|2000- 41.png
1439,45,147|2000- 45.png
1440,9,175|2000- 9.png
1441,12,1674|2000- 12.png
1442,42,1700|2000- 42.png
1443,45,1853|2000- 45.png
1444,36,1966|2000- 36.png
1445,25,41|2000- 25.png
1446,18,943|2000- 18.png
1447,1,1663|2000- 1.png
1448,49,532|2000- 49.png
1449,13,457|2000- 13.png
1450,44,1825|2000- 44.png
1451,13,1813|2000- 13.png
1452,24,1496|2000- 24.png
1453,44,1769|2000- 44.png
1454,38,141|2000- 38.png
1455,6,1217|2000- 6.png
1456,24,789|2000- 24.png
1457,19,1370|2000- 19.png
1458,40,1398|2000- 40.png
1459,2,445|2000- 2.png
1460,37,117|2000- 37.png
1461,24,92|2000- 24.png
1462,38,672|2000- 38.png
1463,48,1817|2000- 48.png
1464,47,431|2000- 47.png
1465,24,1781|2000- 24.png
1466,33,653|2000- 33.png
1467,10,333|2000- 10.png
1468,3,1686|2000- 3.png
1469,29,528|2000- 29.png
1470,26,1630|2000- 26.png
1471,34,155|2000- 34.png
1472,26,1428|2000- 26.png
1473,43,1928|2000- 43.png
1474,15,385|2000- 15.png
1475,38,133|2000- 38.png
1476,39,660|2000- 39.png
1477,48,1589|2000- 48.png
1478,24,269|2000- 24.png
1479,26,947|2000- 26.png
1480,17,1268|2000- 17.png
1481,44,279|2000- 44.png
1482,16,582|2000- 16.png
1483,14,153|2000- 14.png
1484,5,371|2000- 5.png
1485,11,1639|2000- 11.png
1486,34,268|2000- 34.png
1487,5,110|2000- 5.png
1488,30,1673|2000- 30.png
1489,14,131|2000- 14.png
1490,17,76|2000- 17.png
1491,27,1030|2000- 27.png
1492,32,829|2000- 32.png
1493,7,811|2000- 7.png
1494,4,743|2000- 4.png
1495,9,1703|2000- 9.png
1496,30,1173|2000- 30.png
1497,13,1677|2000- 13.png
1498,14,1721|2000- 14.png
1499,40,184|2000- 40.png
1500,16,433|2000- 16.png
1501,42,1528|2000- 42.png
1502,30,1034|2000- 30.png
1503,32,1081|2000- 32.png
1504,12,436|2000- 12.png
1505,14,833|2000- 14.png
1506,27,1417|2000- 27.png
1507,8,440|2000- 8.png
1508,35,488|2000- 35.png
1509,14,722|2000- 14.png
1510,9,1610|2000- 9.png
1511,35,1093|2000- 35.png
1512,16,362|2000- 16.png
1513,38,1890|2000- 38.png
1514,24,549|2000- 24.png
1515,1,306|2000- 1.png
1516,33,1708|2000- 33.png
1517,19,1970|2000- 19.png
1518,38,1931|2000- 38.png
1519,14,974|2000- 14.png
1520,38,1494|2000- 38.png
1521,12,1666|2000- 12.png
1522,26,1984|2000- 26.png
1523,20,1811|2000- 20.png
1524,11,496|2000- 11.png
1525,15,107|2000- 15.png
1526,18,957|2000- 18.png
1527,22,1808|2000- 22.png
1528,24,1675|2000- 24.png
1529,27,1212|2000- 27.png
1530,4,1543|2000- 4.png
1531,0,181|2000- 0.png
1532,39,1989|2000- 39.png
1533,21,1024|2000- 21.png
1534,34,1222|2000- 34.png
1535,39,884|2000- 39.png
1536,48,1725|2000- 48.png
1537,20,817|2000- 20.png
1538,18,1039|2000- 18.png
1539,43,88|2000- 43.png
1540,24,1475|2000- 24.png
1541,8,1993|2000- 8.png
1542,44,1192|2000- 44.png
1543,47,804|2000- 47.png
1544,3,954|2000- 3.png
1545,0,1570|2000- 0.png
1546,30,1872|2000- 30.png
1547,44,473|2000- 44.png
1548,10,539|2000- 10.png
1549,19,1293|2000- 19.png
1550,25,1623|2000- 25.png
1551,37,1304|2000- 37.png
1552,2,1850|2000- 2.png
1553,21,344|2000- 21.png
1554,30,1128|2000- 30.png
1555,45,398|2000- 45.png
1556,30,363|2000- 30.png
1557,5,1061|2000- 5.png
1558,16,417|2000- 16.png
1559,24,1118|2000- 24.png
1560,44,1624|2000- 44.png
1561,11,1579|2000- 11.png
1562,16,579|2000- 16.png
1563,0,935|2000- 0.png
1564,38,39|2000- 38.png
1565,5,163|2000- 5.png
1566,31,1203|2000- 31.png
1567,32,706|2000- 32.png
1568,17,959|2000- 17.png
1569,49,1467|2000- 49.png
1570,47,272|2000- 47.png
1571,24,118|2000- 24.png
1572,36,495|2000- 36.png
1573,13,1502|2000- 13.png
1574,11,1035|2000- 11.png
1575,1,1404|2000- 1.png
1576,28,1907|2000- 28.png
1577,19,46|2000- 19.png
1578,6,832|2000- 6.png
1579,16,771|2000- 16.png
1580,29,1714|2000- 29.png
1581,13,1587|2000- 13.png
1582,48,1233|2000- 48.png
1583,20,557|2000- 20.png
1584,35,437|2000- 35.png
1585,3,728|2000- 3.png
1586,25,1460|2000- 25.png
1587,21,735|2000- 21.png
1588,31,1018|2000- 31.png
1589,8,1412|2000- 8.png
1590,27,521|2000- 27.png
1591,10,953|2000- 10.png
1592,6,536|2000- 6.png
1593,44,783|2000- 44.png
1594,41,1281|2000- 41.png
1595,27,1210|2000- 27.png
1596,40,1433|2000- 40.png
1597,20,1275|2000- 20.png
1598,35,888|2000- 35.png
1599,47,670|2000- 47.png
1600,46,693|2000- 46.png
1601,43,95|2000- 43.png
1602,31,1085|2000- 31.png
1603,38,1180|2000- 38.png
1604,46,32|2000- 46.png
1605,8,1006|2000- 8.png
1606,44,868|2000- 44.png
1607,36,1951|2000- 36.png
1608,16,1738|2000- 16.png
1609,29,223|2000- 29.png
1610,22,1187|2000- 22.png
1611,13,340|2000- 13.png
1612,4,932|2000- 4.png
1613,35,1571|2000- 35.png
1614,29,1786|2000- 29.png
1615,15,1049|2000- 15.png
1616,12,1936|2000- 12.png
1617,15,1644|2000- 15.png
1618,26,1655|2000- 26.png
1619,18,627|2000- 18.png
1620,40,1328|2000- 40.png
1621,37,1555|2000- 37.png
1622,11,1588|2000- 11.png
1623,13,1870|2000- 13.png
1624,3,1948|2000- 3.png
1625,43,604|2000- 43.png
1626,24,1768|2000- 24.png
1627,10,1572|2000- 10.png
1628,19,301|2000- 19.png
1629,35,1107|2000- 35.png
1630,45,416|2000- 45.png
1631,23,1250|2000- 23.png
1632,44,1687|2000- 44.png
1633,36,967|2000- 36.png
1634,37,866|2000- 37.png
1635,27,468|2000- 27.png
1636,21,956|2000- 21.png
1637,24,761|2000- 24.png
1638,39,1037|2000- 39.png
1639,46,408|2000- 46.png
1640,44,1609|2000- 44.png
1641,16,1427|2000- 16.png
1642,47,1451|2000- 47.png
1643,12,1857|2000- 12.png
1644,10,1619|2000- 10.png
1645,21,14|2000- 21.png
1646,42,1945|2000- 42.png
1647,31,481|2000- 31.png
1648,11,834|2000- 11.png
1649,42,553|2000- 42.png
1650,14,261|2000- 14.png
1651,46,1269|2000- 46.png
1652,19,915|2000- 19.png
1653,6,707|2000- 6.png
1654,33,166|2000- 33.png
1655,31,766|2000- 31.png
1656,29,444|2000- 29.png
1657,47,1477|2000- 47.png
1658,25,637|2000- 25.png
1659,6,1027|2000- 6.png
1660,8,896|2000- 8.png
1661,5,180|2000- 5.png
1662,2,801|2000- 2.png
1663,0,177|2000- 0.png
1664,33,1773|2000- 33.png
1665,0,700|2000- 0.png
1666,48,1414|2000- 48.png
1667,44,1905|2000- 44.png
1668,18,952|2000- 18.png
1669,43,1174|2000- 43.png
1670,30,807|2000- 30.png
1671,33,879|2000- 33.png
1672,25,1733|2000- 25.png
1673,43,1551|2000- 43.png
1674,30,1237|2000- 30.png
1675,40,1303|2000- 40.png
1676,34,1198|2000- 34.png
1677,39,172|2000- 39.png
1678,7,413|2000- 7.png
1679,47,310|2000- 47.png
1680,41,1495|2000- 41.png
1681,10,374|2000- 10.png
1682,45,615|2000- 45.png
1683,32,914|2000- 32.png
1684,46,919|2000- 46.png
1685,20,1938|2000- 20.png
1686,49,1317|2000- 49.png
1687,23,56|2000- 23.png
1688,24,1504|2000- 24.png
1689,9,1445|2000- 9.png
1690,34,1689|2000- 34.png
1691,13,1834|2000- 13.png
1692,0,1189|2000- 0.png
1693,20,614|2000- 20.png
1694,42,682|2000- 42.png
1695,46,515|2000- 46.png
1696,17,1025|2000- 17.png
1697,10,1154|2000- 10.png
1698,33,1932|2000- 33.png
1699,19,257|2000- 19.png
1700,7,695|2000- 7.png
1701,49,1552|2000- 49.png
1702,22,1379|2000- 22.png
1703,49,1143|2000- 49.png
1704,32,126|2000- 32.png
1705,36,464|2000- 36.png
1706,37,680|2000- 37.png
1707,35,287|2000- 35.png
1708,4,1134|2000- 4.png
1709,15,1992|2000- 15.png
1710,42,1312|2000- 42.png
1711,2,89|2000- 2.png
1712,20,1566|2000- 20.png
1713,1,1787|2000- 1.png
1714,47,27|2000- 47.png
1715,8,220|2000- 8.png
1716,4,25|2000- 4.png
1717,28,1216|2000- 28.png
1718,35,1287|2000- 35.png
1719,18,667|2000- 18.png
1720,15,1228|2000- 15.png
1721,32,1109|2000- 32.png
1722,9,1349|2000- 9.png
1723,21,772|2000- 21.png
1724,27,530|2000- 27.png
1725,37,1792|2000- 37.png
1726,1,1002|2000- 1.png
1727,31,1608|2000- 31.png
1728,46,972|2000- 46.png
1729,16,28|2000- 16.png
1730,29,1430|2000- 29.png
1731,30,608|2000- 30.png
1732,15,773|2000- 15.png
1733,9,1617|2000- 9.png
1734,12,1763|2000- 12.png
1735,38,1720|2000- 38.png
1736,8,1515|2000- 8.png
1737,33,594|2000- 33.png
1738,43,1101|2000- 43.png
1739,35,500|2000- 35.png
1740,45,1137|2000- 45.png
1741,49,1654|2000- 49.png
1742,47,1315|2000- 47.png
1743,44,234|2000- 44.png
1744,27,302|2000- 27.png
1745,18,572|2000- 18.png
1746,27,535|2000- 27.png
1747,30,939|2000- 30.png
1748,23,1702|2000- 23.png
1749,25,808|2000- 25.png
1750,42,197|2000- 42.png
1751,1,461|2000- 1.png
1752,4,1282|2000- 4.png
1753,1,1563|2000- 1.png
1754,40,1221|2000- 40.png
1755,38,1473|2000- 38.png
1756,9,148|2000- 9.png
1757,12,1500|2000- 12.png
1758,40,1420|2000- 40.png
1759,37,354|2000- 37.png
1760,47,1727|2000- 47.png
1761,38,1925|2000- 38.png
1762,26,236|2000- 26.png
1763,29,1060|2000- 29.png
1764,15,327|2000- 15.png
1765,24,270|2000- 24.png
1766,36,459|2000- 36.png
1767,2,845|2000- 2.png
1768,15,851|2000- 15.png
1769,4,878|2000- 4.png
1770,13,778|2000- 13.png
1771,15,412|2000- 15.png
1772,27,211|2000- 27.png
1773,23,1916|2000- 23.png
1774,17,361|2000- 17.png
1775,16,759|2000- 16.png
1776,21,865|2000- 21.png
1777,26,1021|2000- 26.png
1778,45,1855|2000- 45.png
1779,17,599|2000- 17.png
1780,21,541|2000- 21.png
1781,40,189|2000- 40.png
1782,26,526|2000- 26.png
1783,45,533|2000- 45.png
1784,17,1482|2000- 17.png
1785,37,1567|2000- 37.png
1786,43,1539|2000- 43.png
1787,4,499|2000- 4.png
1788,43,9|2000- 43.png
1789,49,406|2000- 49.png
1790,12,824|2000- 12.png
1791,3,713|2000- 3.png
1792,16,1354|2000- 16.png
1793,49,190|2000- 49.png
1794,4,1113|2000- 4.png
1795,10,850|2000- 10.png
1796,26,827|2000- 26.png
1797,36,70|2000- 36.png
1798,39,127|2000- 39.png
1799,37,741|2000- 37.png
1800,34,1558|2000- 34.png
1801,14,1080|2000- 14.png
1802,15,1537|2000- 15.png
1803,18,1684|2000- 18.png
1804,31,620|2000- 31.png
1805,32,1707|2000- 32.png
1806,1,1838|2000- 1.png
1807,18,787|2000- 18.png
1808,47,739|2000- 47.png
1809,7,1267|2000- 7.png
1810,17,1719|2000- 17.png
1811,2,1453|2000- 2.png
1812,23,1910|2000- 23.png
1813,44,1889|2000- 44.png
1814,46,97|2000- 46.png
1815,11,901|2000- 11.png
1816,48,202|2000- 48.png
1817,0,294|2000- 0.png
1818,19,1454|2000- 19.png
1819,46,1013|2000- 46.png
1820,12,226|2000- 12.png
1821,48,937|2000- 48.png
1822,29,747|2000- 29.png
1823,48,744|2000- 48.png
1824,34,1999|2000- 34.png
1825,10,1214|2000- 10.png
1826,7,463|2000- 7.png
1827,9,432|2000- 9.png
1828,39,1351|2000- 39.png
1829,40,1084|2000- 40.png
1830,20,335|2000- 20.png
1831,49,647|2000- 49.png
1832,19,1133|2000- 19.png
1833,27,942|2000- 27.png
1834,22,1483|2000- 22.png
1835,18,1676|2000- 18.png
1836,43,598|2000- 43.png
1837,30,593|2000- 30.png
1838,39,764|2000- 39.png
1839,6,1320|2000- 6.png
1840,21,855|2000- 21.png
1841,4,1345|2000- 4.png
1842,45,546|2000- 45.png
1843,17,516|2000- 17.png
1844,41,1196|2000- 41.png
1845,29,673|2000- 29.png
1846,41,1873|2000- 41.png
1847,33,291|2000- 33.png
1848,45,543|2000- 45.png
1849,22,1238|2000- 22.png
1850,9,72|2000- 9.png
1851,49,843|2000- 49.png
1852,40,1622|2000- 40.png
1853,47,157|2000- 47.png
1854,40,42|2000- 40.png
1855,27,1633|2000- 27.png
1856,31,1497|2000- 31.png
1857,13,1059|2000- 13.png
1858,1,1145|2000- 1.png
1859,41,1205|2000- 41.png
1860,33,1418|2000- 33.png
1861,7,895|2000- 7.png
1862,25,1206|2000- 25.png
1863,35,755|2000- 35.png
1864,5,1625|2000- 5.png
1865,20,1794|2000- 20.png
1866,26,1437|2000- 26.png
1867,30,161|2000- 30.png
1868,14,795|2000- 14.png
1869,28,1621|2000- 28.png
1870,7,1941|2000- 7.png
1871,2,564|2000- 2.png
1872,2,367|2000- 2.png
1873,47,601|2000- 47.png
1874,2,491|2000- 2.png
1875,18,1909|2000- 18.png
1876,5,330|2000- 5.png
1877,24,85|2000- 24.png
1878,10,1883|2000- 10.png
1879,28,1914|2000- 28.png
1880,21,1819|2000- 21.png
1881,33,62|2000- 33.png
1882,43,849|2000- 43.png
1883,22,978|2000- 22.png
1884,2,1615|2000- 2.png
1885,40,1316|2000- 40.png
1886,2,1359|2000- 2.png
1887,24,1456|2000- 24.png
1888,43,588|2000- 43.png
1889,29,120|2000- 29.png
1890,17,556|2000- 17.png
1891,33,1718|2000- 33.png
1892,36,1759|2000- 36.png
1893,31,244|2000- 31.png
1894,1,87|2000- 1.png
1895,18,1511|2000- 18.png
1896,47,150|2000- 47.png
1897,18,1004|2000- 18.png
1898,22,1636|2000- 22.png
1899,18,349|2000- 18.png
1900,31,38|2000- 31.png
1901,3,1846|2000- 3.png
1902,22,1347|2000- 22.png
1903,28,194|2000- 28.png
1904,40,1485|2000- 40.png
1905,42,1197|2000- 42.png
1906,39,1831|2000- 39.png
1907,8,1862|2000- 8.png
1908,0,24|2000- 0.png
1909,20,1852|2000- 20.png
1910,33,1369|2000- 33.png
1911,20,47|2000- 20.png
1912,30,962|2000- 30.png
1913,34,507|2000- 34.png
1914,5,212|2000- 5.png
1915,6,1284|2000- 6.png
1916,28,1073|2000- 28.png
1917,44,1902|2000- 44.png
1918,45,578|2000- 45.png
1919,5,388|2000- 5.png
1920,9,1881|2000- 9.png
1921,2,195|2000- 2.png
1922,48,60|2000- 48.png
1923,0,315|2000- 0.png
1924,43,589|2000- 43.png
1925,0,1230|2000- 0.png
1926,49,802|2000- 49.png
1927,32,1803|2000- 32.png
1928,46,196|2000- 46.png
1929,0,1405|2000- 0.png
1930,33,606|2000- 33.png
1931,1,887|2000- 1.png
1932,11,894|2000- 11.png
1933,25,1409|2000- 25.png
1934,48,732|2000- 48.png
1935,45,991|2000- 45.png
1936,45,889|2000- 45.png
1937,24,144|2000- 24.png
1938,47,677|2000- 47.png
1939,28,1191|2000- 28.png
1940,44,293|2000- 44.png
1941,42,763|2000- 42.png
1942,34,1706|2000- 34.png
1943,36,1698|2000- 36.png
1944,3,350|2000- 3.png
1945,47,1120|2000- 47.png
1946,11,1465|2000- 11.png
1947,8,1263|2000- 8.png
1948,1,1898|2000- 1.png
1949,42,221|2000- 42.png
1950,38,1132|2000- 38.png
1951,22,386|2000- 22.png
1952,6,1162|2000- 6.png
1953,9,1058|2000- 9.png
1954,34,224|2000- 34.png
1955,30,242|2000- 30.png
1956,6,1131|2000- 6.png
1957,27,264|2000- 27.png
1958,36,1161|2000- 36.png
1959,22,1469|2000- 22.png
1960,42,1891|2000- 42.png
1961,47,688|2000- 47.png
1962,43,882|2000- 43.png
1963,7,210|2000- 7.png
1964,42,639|2000- 42.png
1965,33,877|2000- 33.png
1966,7,1964|2000- 7.png
1967,22,1793|2000- 22.png
1968,24,844|2000- 24.png
1969,28,1711|2000- 28.png
1970,20,1247|2000- 20.png
1971,0,1376|2000- 0.png
1972,0,1926|2000- 0.png
1973,23,1991|2000- 23.png
1974,1,875|2000- 1.png
1975,47,662|2000- 47.png
1976,38,1175|2000- 38.png
1977,26,1178|2000- 26.png
1978,13,262|2000- 13.png
1979,18,1499|2000- 18.png
1980,40,1990|2000- 40.png
1981,48,456|2000- 48.png
1982,10,1400|2000- 10.png
1983,10,1253|2000- 10.png
1984,47,142|2000- 47.png
1985,42,1252|2000- 42.png
1986,11,135|2000- 11.png
1987,32,857|2000- 32.png
1988,20,1089|2000- 20.png
1989,18,1693|2000- 18.png
1990,35,1054|2000- 35.png
1991,37,185|2000- 37.png
1992,7,966|2000- 7.png
1993,22,1333|2000- 22.png
1994,19,1256|2000- 19.png
1995,48,282|2000- 48.png
1996,34,1520|2000- 34.png
1997,18,421|2000- 18.png
1998,14,1195|2000- 14.png
1999,39,638|2000- 39.png
2000,26,420|2000- 26.png
